4,
curtis,
claeb,will,
claeb,will,
15,
claeb,test,Mon Apr 16 21:10:41 2018,claeb,test,Mon Apr 16 21:10:41 2018,will,test2,Mon Apr 16 21:10:47 2018,claeb,iest,Mon Apr 16 21:16:51 2018,claeb,iest,Mon Apr 16 21:16:51 2018,claeb,test,Mon Apr 16 21:16:55 2018,claeb,test,Mon Apr 16 21:16:55 2018,will,i like cookies,Mon Apr 16 22:08:33 2018,will,fuck you ethan,Mon Apr 16 22:09:01 2018,will,yeah, being a dick,Mon Apr 16 22:09:40 2018,claeb,sup,Mon Apr 16 22:10:01 2018,claeb,wow you're nice,Mon Apr 16 22:10:30 2018,will,yeah you all are great ,Mon Apr 16 22:10:49 2018,will,sup,Mon Apr 16 23:05:27 2018,claeb,wow,Mon Apr 16 23:05:42 2018,
claeb,
curtis,ethan,
curtis,ethan,
20,
curtis,error test,Mon Apr 16 21:14:58 2018,ethan,other error test,Mon Apr 16 21:16:39 2018,ethan,i ,Mon Apr 16 21:16:45 2018,ethan,i,Mon Apr 16 21:24:24 2018,ethan,t,Mon Apr 16 21:24:26 2018,ethan,est,Mon Apr 16 21:24:29 2018,ethan,test,Mon Apr 16 21:25:17 2018,ethan,test,Mon Apr 16 21:25:17 2018,ethan,huh...,Mon Apr 16 21:25:26 2018,ethan,huh...,Mon Apr 16 21:25:26 2018,ethan,why,Mon Apr 16 21:26:07 2018,curtis,test,Mon Apr 16 22:08:24 2018,curtis,cookies,Mon Apr 16 22:08:28 2018,curtis,well fuck you too,Mon Apr 16 22:08:39 2018,ethan,suck a dick will,Mon Apr 16 22:08:53 2018,curtis,ethan is here?,Mon Apr 16 22:09:28 2018,curtis,ey fuckface,Mon Apr 16 22:10:09 2018,ethan,sup fuckface,Mon Apr 16 22:10:23 2018,ethan,hey,Mon Apr 16 23:05:33 2018,curtis,hey,Mon Apr 16 23:05:36 2018,
ethan,
claeb,will,
claeb,will,
15,
claeb,test,Mon Apr 16 21:10:41 2018,claeb,test,Mon Apr 16 21:10:41 2018,will,test2,Mon Apr 16 21:10:47 2018,claeb,iest,Mon Apr 16 21:16:51 2018,claeb,iest,Mon Apr 16 21:16:51 2018,claeb,test,Mon Apr 16 21:16:55 2018,claeb,test,Mon Apr 16 21:16:55 2018,will,i like cookies,Mon Apr 16 22:08:33 2018,will,fuck you ethan,Mon Apr 16 22:09:01 2018,will,yeah, being a dick,Mon Apr 16 22:09:40 2018,claeb,sup,Mon Apr 16 22:10:01 2018,claeb,wow you're nice,Mon Apr 16 22:10:30 2018,will,yeah you all are great ,Mon Apr 16 22:10:49 2018,will,sup,Mon Apr 16 23:05:27 2018,claeb,wow,Mon Apr 16 23:05:42 2018,
will,
curtis,ethan,
curtis,ethan,
20,
curtis,error test,Mon Apr 16 21:14:58 2018,ethan,other error test,Mon Apr 16 21:16:39 2018,ethan,i ,Mon Apr 16 21:16:45 2018,ethan,i,Mon Apr 16 21:24:24 2018,ethan,t,Mon Apr 16 21:24:26 2018,ethan,est,Mon Apr 16 21:24:29 2018,ethan,test,Mon Apr 16 21:25:17 2018,ethan,test,Mon Apr 16 21:25:17 2018,ethan,huh...,Mon Apr 16 21:25:26 2018,ethan,huh...,Mon Apr 16 21:25:26 2018,ethan,why,Mon Apr 16 21:26:07 2018,curtis,test,Mon Apr 16 22:08:24 2018,curtis,cookies,Mon Apr 16 22:08:28 2018,curtis,well fuck you too,Mon Apr 16 22:08:39 2018,ethan,suck a dick will,Mon Apr 16 22:08:53 2018,curtis,ethan is here?,Mon Apr 16 22:09:28 2018,curtis,ey fuckface,Mon Apr 16 22:10:09 2018,ethan,sup fuckface,Mon Apr 16 22:10:23 2018,ethan,hey,Mon Apr 16 23:05:33 2018,curtis,hey,Mon Apr 16 23:05:36 2018,
